{"cameraMode":{"drawMode":0,"name":"Shaded","section":"Shading Mode"},"sceneLighting":true,"audioPlay":false,"sceneViewState":{"m_AlwaysRefresh":false,"showFog":true,"showSkybox":true,"showFlares":true,"showImageEffects":true,"showParticleSystems":true,"showVisualEffectGraphs":true,"m_FxEnabled":true},"in2DMode":false,"pivot":{"x":-0.3089767098426819,"y":-0.006699308753013611,"z":-0.1107778549194336},"rotation":{"x":0.07851433008909226,"y":-0.9125593900680542,"z":0.2091604769229889,"w":0.3425597548484802},"size":0.13751991093158723,"orthographic":false}